{
    "$schema": "https://schema.management.azure.com/schemas/2019-04-01/deploymentTemplate.json#",
    "contentVersion": "1.0.0.0",
    "parameters": {
        "recoveryServicesVaultName": {
            "defaultValue": "mh-rsv-neu",
            "type": "String"
        }
    },
    "variables": {},
    "resources": [
        {
            "type": "Microsoft.RecoveryServices/vaults",
            "apiVersion": "2022-09-10",
            "name": "[parameters('recoveryServicesVaultName')]",
            "location": "northeurope",
            "sku": {
                "name": "RS0",
                "tier": "Standard"
            },
            "properties": {}
        }
    ]
}